dataset,chr,MAF_bin,n_target,matched,absent_from_panel,allele_mismatch,pct_dropped,panel_markers
1KGP,1,0.1%~0.5%,357366,357366,0,0,0.0,5795045
1KGP,1,0.5%~1%,238160,238160,0,0,0.0,5795045
1KGP,1,1%~10%,484987,484987,0,0,0.0,5795045
1KGP,1,10%~20%,104976,104976,0,0,0.0,5795045
1KGP,1,20%~30%,66409,66409,0,0,0.0,5795045
1KGP,1,30%~40%,52058,52058,0,0,0.0,5795045
1KGP,1,40%~50%,47046,47046,0,0,0.0,5795045
1KGP,2,0.1%~0.5%,392587,392587,0,0,0.0,6356815
1KGP,2,0.5%~1%,254390,254390,0,0,0.0,6356815
1KGP,2,1%~10%,523331,523331,0,0,0.0,6356815
1KGP,2,10%~20%,108697,108697,0,0,0.0,6356815
1KGP,2,20%~30%,70009,70009,0,0,0.0,6356815
1KGP,2,30%~40%,52992,52992,0,0,0.0,6356815
1KGP,2,40%~50%,46248,46248,0,0,0.0,6356815
1KGP,3,0.1%~0.5%,327569,327569,0,0,0.0,5280536
1KGP,3,0.5%~1%,217095,217095,0,0,0.0,5280536
1KGP,3,1%~10%,441748,441748,0,0,0.0,5280536
1KGP,3,10%~20%,98110,98110,0,0,0.0,5280536
1KGP,3,20%~30%,60550,60550,0,0,0.0,5280536
1KGP,3,30%~40%,48896,48896,0,0,0.0,5280536
1KGP,3,40%~50%,42930,42930,0,0,0.0,5280536
1KGP,4,0.1%~0.5%,326690,326690,0,0,0.0,5120664
1KGP,4,0.5%~1%,214523,214523,0,0,0.0,5120664
1KGP,4,1%~10%,441450,441450,0,0,0.0,5120664
1KGP,4,10%~20%,100162,100162,0,0,0.0,5120664
1KGP,4,20%~30%,69482,69482,0,0,0.0,5120664
1KGP,4,30%~40%,49745,49745,0,0,0.0,5120664
1KGP,4,40%~50%,44619,44619,0,0,0.0,5120664
1KGP,5,0.1%~0.5%,305740,305740,0,0,0.0,4788374
1KGP,5,0.5%~1%,200027,200027,0,0,0.0,4788374
1KGP,5,1%~10%,398741,398741,0,0,0.0,4788374
1KGP,5,10%~20%,86592,86592,0,0,0.0,4788374
1KGP,5,20%~30%,57386,57386,0,0,0.0,4788374
1KGP,5,30%~40%,44703,44703,0,0,0.0,4788374
1KGP,5,40%~50%,41441,41441,0,0,0.0,4788374
1KGP,6,0.1%~0.5%,283847,283847,0,0,0.0,4539754
1KGP,6,0.5%~1%,189041,189041,0,0,0.0,4539754
1KGP,6,1%~10%,403546,403546,0,0,0.0,4539754
1KGP,6,10%~20%,91458,91458,0,0,0.0,4539754
1KGP,6,20%~30%,60777,60777,0,0,0.0,4539754
1KGP,6,30%~40%,48989,48989,0,0,0.0,4539754
1KGP,6,40%~50%,41148,41148,0,0,0.0,4539754
1KGP,7,0.1%~0.5%,268202,268202,0,0,0.0,4222931
1KGP,7,0.5%~1%,178023,178023,0,0,0.0,4222931
1KGP,7,1%~10%,368114,368114,0,0,0.0,4222931
1KGP,7,10%~20%,80488,80488,0,0,0.0,4222931
1KGP,7,20%~30%,54575,54575,0,0,0.0,4222931
1KGP,7,30%~40%,42121,42121,0,0,0.0,4222931
1KGP,7,40%~50%,36438,36438,0,0,0.0,4222931
1KGP,8,0.1%~0.5%,260991,260991,0,0,0.0,4162377
1KGP,8,0.5%~1%,166668,166668,0,0,0.0,4162377
1KGP,8,1%~10%,347958,347958,0,0,0.0,4162377
1KGP,8,10%~20%,73393,73393,0,0,0.0,4162377
1KGP,8,20%~30%,47622,47622,0,0,0.0,4162377
1KGP,8,30%~40%,37860,37860,0,0,0.0,4162377
1KGP,8,40%~50%,33486,33486,0,0,0.0,4162377
1KGP,9,0.1%~0.5%,201227,201227,0,0,0.0,3178999
1KGP,9,0.5%~1%,129024,129024,0,0,0.0,3178999
1KGP,9,1%~10%,274993,274993,0,0,0.0,3178999
1KGP,9,10%~20%,59934,59934,0,0,0.0,3178999
1KGP,9,20%~30%,38347,38347,0,0,0.0,3178999
1KGP,9,30%~40%,29414,29414,0,0,0.0,3178999
1KGP,9,40%~50%,25460,25460,0,0,0.0,3178999
1KGP,10,0.1%~0.5%,229048,229048,0,0,0.0,3632297
1KGP,10,0.5%~1%,147682,147682,0,0,0.0,3632297
1KGP,10,1%~10%,318949,318949,0,0,0.0,3632297
1KGP,10,10%~20%,71049,71049,0,0,0.0,3632297
1KGP,10,20%~30%,44379,44379,0,0,0.0,3632297
1KGP,10,30%~40%,34048,34048,0,0,0.0,3632297
1KGP,10,40%~50%,32330,32330,0,0,0.0,3632297
1KGP,11,0.1%~0.5%,223465,223465,0,0,0.0,3642067
1KGP,11,0.5%~1%,149989,149989,0,0,0.0,3642067
1KGP,11,1%~10%,309638,309638,0,0,0.0,3642067
1KGP,11,10%~20%,67333,67333,0,0,0.0,3642067
1KGP,11,20%~30%,43975,43975,0,0,0.0,3642067
1KGP,11,30%~40%,34723,34723,0,0,0.0,3642067
1KGP,11,40%~50%,31335,31335,0,0,0.0,3642067
1KGP,12,0.1%~0.5%,216817,216817,0,0,0.0,3500318
1KGP,12,0.5%~1%,145381,145381,0,0,0.0,3500318
1KGP,12,1%~10%,305071,305071,0,0,0.0,3500318
1KGP,12,10%~20%,65679,65679,0,0,0.0,3500318
1KGP,12,20%~30%,40889,40889,0,0,0.0,3500318
1KGP,12,30%~40%,33845,33845,0,0,0.0,3500318
1KGP,12,40%~50%,28243,28243,0,0,0.0,3500318
1KGP,13,0.1%~0.5%,163104,163104,0,0,0.0,2575087
1KGP,13,0.5%~1%,108108,108108,0,0,0.0,2575087
1KGP,13,1%~10%,225158,225158,0,0,0.0,2575087
1KGP,13,10%~20%,50371,50371,0,0,0.0,2575087
1KGP,13,20%~30%,32431,32431,0,0,0.0,2575087
1KGP,13,30%~40%,26226,26226,0,0,0.0,2575087
1KGP,13,40%~50%,23193,23193,0,0,0.0,2575087
1KGP,14,0.1%~0.5%,149550,149550,0,0,0.0,2383125
1KGP,14,0.5%~1%,98700,98700,0,0,0.0,2383125
1KGP,14,1%~10%,204130,204130,0,0,0.0,2383125
1KGP,14,10%~20%,42361,42361,0,0,0.0,2383125
1KGP,14,20%~30%,28942,28942,0,0,0.0,2383125
1KGP,14,30%~40%,21682,21682,0,0,0.0,2383125
1KGP,14,40%~50%,18911,18911,0,0,0.0,2383125
1KGP,15,0.1%~0.5%,133690,133690,0,0,0.0,2153932
1KGP,15,0.5%~1%,89779,89779,0,0,0.0,2153932
1KGP,15,1%~10%,180604,180604,0,0,0.0,2153932
1KGP,15,10%~20%,38234,38234,0,0,0.0,2153932
1KGP,15,20%~30%,23155,23155,0,0,0.0,2153932
1KGP,15,30%~40%,19593,19593,0,0,0.0,2153932
1KGP,15,40%~50%,17731,17731,0,0,0.0,2153932
1KGP,16,0.1%~0.5%,150178,150178,0,0,0.0,2410531
1KGP,16,0.5%~1%,97314,97314,0,0,0.0,2410531
1KGP,16,1%~10%,194246,194246,0,0,0.0,2410531
1KGP,16,10%~20%,41933,41933,0,0,0.0,2410531
1KGP,16,20%~30%,27142,27142,0,0,0.0,2410531
1KGP,16,30%~40%,20553,20553,0,0,0.0,2410531
1KGP,16,40%~50%,18562,18562,0,0,0.0,2410531
1KGP,17,0.1%~0.5%,127951,127951,0,0,0.0,2066684
1KGP,17,0.5%~1%,84968,84968,0,0,0.0,2066684
1KGP,17,1%~10%,170388,170388,0,0,0.0,2066684
1KGP,17,10%~20%,34315,34315,0,0,0.0,2066684
1KGP,17,20%~30%,22686,22686,0,0,0.0,2066684
1KGP,17,30%~40%,17684,17684,0,0,0.0,2066684
1KGP,17,40%~50%,16596,16596,0,0,0.0,2066684
1KGP,18,0.1%~0.5%,127610,127610,0,0,0.0,2047353
1KGP,18,0.5%~1%,84541,84541,0,0,0.0,2047353
1KGP,18,1%~10%,179428,179428,0,0,0.0,2047353
1KGP,18,10%~20%,39209,39209,0,0,0.0,2047353
1KGP,18,20%~30%,26296,26296,0,0,0.0,2047353
1KGP,18,30%~40%,19672,19672,0,0,0.0,2047353
1KGP,18,40%~50%,18295,18295,0,0,0.0,2047353
1KGP,19,0.1%~0.5%,101246,101246,0,0,0.0,1625698
1KGP,19,0.5%~1%,67987,67987,0,0,0.0,1625698
1KGP,19,1%~10%,142825,142825,0,0,0.0,1625698
1KGP,19,10%~20%,33968,33968,0,0,0.0,1625698
1KGP,19,20%~30%,21753,21753,0,0,0.0,1625698
1KGP,19,30%~40%,16381,16381,0,0,0.0,1625698
1KGP,19,40%~50%,14524,14524,0,0,0.0,1625698
1KGP,20,0.1%~0.5%,106863,106863,0,0,0.0,1706442
1KGP,20,0.5%~1%,70523,70523,0,0,0.0,1706442
1KGP,20,1%~10%,145565,145565,0,0,0.0,1706442
1KGP,20,10%~20%,30831,30831,0,0,0.0,1706442
1KGP,20,20%~30%,19564,19564,0,0,0.0,1706442
1KGP,20,30%~40%,15025,15025,0,0,0.0,1706442
1KGP,20,40%~50%,14034,14034,0,0,0.0,1706442
1KGP,21,0.1%~0.5%,63312,63312,0,0,0.0,976599
1KGP,21,0.5%~1%,41385,41385,0,0,0.0,976599
1KGP,21,1%~10%,86630,86630,0,0,0.0,976599
1KGP,21,10%~20%,19488,19488,0,0,0.0,976599
1KGP,21,20%~30%,12773,12773,0,0,0.0,976599
1KGP,21,30%~40%,10614,10614,0,0,0.0,976599
1KGP,21,40%~50%,9530,9530,0,0,0.0,976599
1KGP,22,0.1%~0.5%,62625,62625,0,0,0.0,993880
1KGP,22,0.5%~1%,41501,41501,0,0,0.0,993880
1KGP,22,1%~10%,90472,90472,0,0,0.0,993880
1KGP,22,10%~20%,17446,17446,0,0,0.0,993880
1KGP,22,20%~30%,11492,11492,0,0,0.0,993880
1KGP,22,30%~40%,9561,9561,0,0,0.0,993880
1KGP,22,40%~50%,8016,8016,0,0,0.0,993880
