method,missing,MAF_bin,Num_SNPs,Bin_Acc,Bin_R2,Bin_Precision,Bin_Recall,Bin_F1,Bin_Acc_sd,Bin_R2_sd,Bin_Precision_sd,Bin_Recall_sd,Bin_F1_sd
biunet,5%, 0.1%~0.5%,314228.0,0.9947874656541611,0.8880935296485858,0.9109201368594476,0.997557848471359,0.9513443765727758,4.593971870035357e-06,0.00026085409300194,3.9034166529292274e-05,2.7425741703122513e-05,2.574133799337105e-05
biunet,5%, 0.5%~1%,341641.0,0.9956346166315111,0.9317569928058872,0.9368353795767193,0.9977908959987346,0.9657880177451634,1.76691054306177e-05,0.0002431853000587917,0.00025578823855011435,6.864243112943345e-06,0.00014385750255806325
biunet,5%, 1%~10%,3101005.0,0.995514745879305,0.9720222307460452,0.975979239140132,0.9963108329135452,0.9859530340314713,4.790449164679326e-06,3.848492459287633e-05,2.5775408764692535e-05,8.83060495009376e-06,1.717966676517165e-05
biunet,5%, 10%~20%,1631602.0,0.9916149012201542,0.974334445769585,0.9896384428718328,0.9875161039860867,0.9885743585848479,6.407024344792167e-06,5.090462903422875e-05,1.818281562715394e-05,1.1195232462254167e-05,1.0626138512459438e-05
biunet,5%, 20%~30%,1164888.0,0.9892900485373751,0.9698860795185124,0.9905790137209824,0.9867924335443182,0.9886674422565518,4.188592170633864e-06,5.5725675769265544e-05,6.655700699236e-06,5.1567014992914875e-06,4.074890436886477e-06
biunet,5%, 30%~40%,1014561.0,0.9899012897442759,0.9694003401779261,0.9908979671617696,0.9892866686293734,0.9900800851901845,8.542494620172345e-06,5.230744736190951e-05,1.0905141130210687e-05,8.552043108868546e-06,9.412375582888182e-06
biunet,5%, 40%~50%,934350.0,0.9900523455781122,0.9679758300979474,0.9906795338860958,0.989888611998685,0.9902699105334665,7.166343088590018e-06,5.288572550765484e-05,6.420184251429806e-06,5.906841088908634e-06,5.9920814436737905e-06
biunet,5%, Overall,8502275.0,0.9926213278210833,0.9755312176688355,0.9895484007747394,0.9897680557376295,0.9896578726996254,3.1781048715643036e-06,2.3730365164138e-05,7.703589801506058e-06,2.49438606751008e-06,4.945128110153027e-06
biunet,15%, 0.1%~0.5%,314228.0,0.9818611008567029,0.693008348021154,0.7622015847868222,0.9898358470783958,0.8536152825196966,2.3183025313138997e-05,0.00048354184189400306,0.0002173261840860612,5.952358660279381e-05,0.0001537383452977588
biunet,15%, 0.5%~1%,341641.0,0.9845520767724191,0.7924832033288762,0.8198023896455062,0.987731871284919,0.8911441899967563,1.846073639623863e-05,9.29825775130838e-05,0.00011532617058684408,3.569206538911267e-05,7.679768880945749e-05
biunet,15%, 1%~10%,3101005.0,0.9792083485349057,0.8832716708582898,0.9184989619521772,0.9500064420772288,0.9337817064331682,1.1020870872100395e-05,2.072542737523811e-05,6.995725286971064e-05,3.909402797522629e-06,3.739917714708419e-05
biunet,15%, 10%~20%,1631602.0,0.9683522465167437,0.9061712977643169,0.9624964344026439,0.9507087032534259,0.9565078270674569,1.0209917896023732e-05,3.3739792244999154e-05,1.6981651611168542e-05,2.8893994270888304e-05,2.1424178617059535e-05
biunet,15%, 20%~30%,1164888.0,0.9644175442123398,0.9009193802884989,0.9672080104910606,0.9577668780579808,0.9623718586662539,1.8049360135944842e-05,6.957992288279173e-05,1.6690728966731865e-05,1.698181284051326e-05,1.628378534529689e-05
biunet,15%, 30%~40%,1014561.0,0.9640895511368061,0.8941312809591034,0.9677817128622833,0.9619057741179097,0.9646964841380145,1.931940484035671e-05,4.445721991669655e-05,2.7442397165887007e-05,1.751647637079534e-05,2.082280204552523e-05
biunet,15%, 40%~50%,934350.0,0.9640528174666881,0.8877605850244475,0.9667804397148464,0.9633512890066767,0.9648636405618364,2.1637411164162277e-05,6.894672592697572e-05,1.9716238832880267e-05,2.6190437907897686e-05,2.3173643216744803e-05
biunet,15%, Overall,8502275.0,0.9719417316381364,0.9104950761017885,0.962448926353833,0.9586634543679251,0.9605474792893863,6.545665619376287e-06,1.24739320712897e-05,1.4617136369070158e-05,4.3852381710631154e-06,7.755817471443513e-06
biunet,25%, 0.1%~0.5%,314228.0,0.9711477836398278,0.5813047661743679,0.6821567375819423,0.9754899579078292,0.7886540753719848,1.0869893997927284e-05,0.00041825357271618323,7.610168801879043e-05,5.569984682861325e-05,6.331611952753425e-05
biunet,25%, 0.5%~1%,341641.0,0.9750254409355631,0.6975568656758017,0.7491596425916227,0.966388190481743,0.835239498640404,7.803542794176198e-06,1.4301032590643067e-05,3.16615459358258e-05,4.017909486312653e-05,1.9860683243874973e-05
biunet,25%, 1%~10%,3101005.0,0.9659776500609553,0.8155279296508157,0.8735988794251736,0.9123043025618105,0.8922085488690313,9.50993612388588e-06,6.416577898031858e-05,4.2926357738724706e-05,1.92412436565105e-05,2.0578658231279482e-05
biunet,25%, 10%~20%,1631602.0,0.9498558360544923,0.8533234540455782,0.9398574750745411,0.9221686944138153,0.9307857257669087,8.397812719217543e-06,5.534886348618723e-05,2.0935597555048776e-05,2.2586907316483335e-05,1.0329940723192343e-05
biunet,25%, 20%~30%,1164888.0,0.9437384070009696,0.8458823682838111,0.9476620571296701,0.9335386016531313,0.9403376124182166,1.1385321661570882e-05,7.829767478064369e-05,2.8691737046687524e-05,1.4488848735283969e-05,2.1038906796278373e-05
biunet,25%, 30%~40%,1014561.0,0.9429607380866596,0.8353345759972607,0.9488054640684336,0.9395810288041871,0.9438469981881764,2.1179841080076153e-05,4.332421085183646e-05,3.224388007777082e-05,1.869208403654885e-05,2.440378438575549e-05
biunet,25%, 40%~50%,934350.0,0.9428145964379709,0.8257163463848167,0.9474234614703333,0.9417570830536027,0.9441251347616623,1.6828939364000246e-05,9.655258680937298e-05,1.1098687727605834e-05,1.4678072627095312e-05,1.357916314901908e-05
biunet,25%, Overall,8502275.0,0.9550994586742959,0.859126989464615,0.9400128323272335,0.9334858886348453,0.9367223907608612,4.443117146674205e-06,2.5621257846438785e-05,1.4964481016561199e-05,4.682324890128957e-06,9.02932844363902e-06
beagle,5%, 0.1%~0.5%,314228.0,0.9866123314821394,0.9208542744899688,0.7501665544841134,0.7504617358706752,0.7501699269066687,2.8756489596010462e-05,0.0001028289217211149,0.0005717029866945704,0.0005799164208156269,0.0005874609834588185
beagle,5%, 0.5%~1%,341641.0,0.9849656333384867,0.9367434363146838,0.7499325837574239,0.7502392164040274,0.7500464889126254,2.7751873717787934e-05,0.0002067139826023439,0.00044206094549629755,0.00044030773407983096,0.00043686702311781546
beagle,5%, 1%~10%,3101005.0,0.9611251298638129,0.9405752539289077,0.7492920210680691,0.7494906968626779,0.7493804766176116,7.904095577810163e-05,0.0001428956908236002,0.0005099461580781281,0.0005117278323394292,0.0005150740683599264
beagle,5%, 10%~20%,1631602.0,0.8899357855504942,0.9149240751239941,0.7495472808514888,0.7495132268815952,0.7495247802137524,0.00021532700252561174,0.00016402684149528676,0.0004892852225334346,0.0004903620340484778,0.0004896064757995343
beagle,5%, 20%~30%,1164888.0,0.8358361815717802,0.8895725685782886,0.7491920156880031,0.7491831453845806,0.7491829566188425,0.00033335207522547974,0.00022711189372572567,0.0005040367340093775,0.0005040545069950139,0.0005037867505784421
beagle,5%, 30%~40%,1014561.0,0.801274781841007,0.865906248805082,0.7493940121915514,0.7494239522436335,0.7494038078769768,0.00047962735868332967,0.0003080452676299967,0.0005964441058470038,0.0005961145764674085,0.0005974650596383448
beagle,5%, 40%~50%,934350.0,0.7835752613630284,0.849353651871202,0.7493553980516481,0.7493962465039395,0.7493702727351593,0.00046533751974127586,0.00031062579791255724,0.0005320786942216491,0.000531635789909952,0.0005313684231588063
beagle,5%, Overall,8502275.0,0.8936116429800472,0.9163389258827032,0.7494229273224066,0.7494223831985565,0.7494201339140186,0.00018761080188822658,0.00014922152808463074,0.0004370203871494647,0.00043717195050433163,0.0004372346019265005
beagle,15%, 0.1%~0.5%,314228.0,0.9864228338735704,0.918937816605547,0.7473938324847422,0.7483473751802899,0.7477301371743561,7.288321278247956e-05,0.00046079379673643505,0.0013077930822845652,0.0013202333105900841,0.0013447320050560805
beagle,15%, 0.5%~1%,341641.0,0.9847443750319869,0.9348561645555812,0.7472818030158127,0.7481008611138408,0.7476039848778613,3.11297712099696e-05,0.00022128480313572042,0.0004613662655905243,0.0004469609932689756,0.0004753307540850131
beagle,15%, 1%~10%,3101005.0,0.9607824232740189,0.9384925664238501,0.7486432164935409,0.7483443508883775,0.7484806291365677,2.343508771380485e-05,5.462219482963299e-05,0.00015609796972032325,0.00014909516978101278,0.0001541969870180558
beagle,15%, 10%~20%,1631602.0,0.889249171840147,0.9130235198622884,0.7486498459715047,0.748436178544284,0.7485374331982525,5.4740886207657836e-05,3.565376057363362e-05,0.0001248772061083591,0.00012443174185075502,0.0001244653304884421
beagle,15%, 20%~30%,1164888.0,0.8353523270178348,0.8878570537515363,0.7487574201144224,0.7487684192539613,0.7487586541727885,0.00025091313122789223,0.0001687198805192972,0.0003772340948366362,0.000378661600051638,0.00037735682153968705
beagle,15%, 30%~40%,1014561.0,0.8005947444712094,0.863883964242132,0.7486343114874594,0.7487674399938643,0.7486959714785977,0.0006478703439173563,0.0004364376807825044,0.0008179254421585477,0.0008161100268422017,0.0008175587671833296
beagle,15%, 40%~50%,934350.0,0.7829358766668127,0.8472674536679325,0.7485936564729302,0.7487891889525654,0.7486862286701031,0.0008525685830321128,0.0005674654919397477,0.0009903265266734613,0.0009881958844688747,0.0009892446944569219
beagle,15%, Overall,8502275.0,0.8931212875912089,0.9147249897120475,0.7488495107178658,0.7487425958050586,0.7487937538184891,0.00019740338267876045,0.0001568099019344034,0.00046287720527372065,0.0004638331228615462,0.0004633654627947969
beagle,25%, 0.1%~0.5%,314228.0,0.986426016276157,0.9173746504084909,0.7485826189245769,0.7494206543482703,0.7488778447378999,8.654116589014407e-05,0.0005036028061657449,0.0016537964851352691,0.0016541337139624566,0.0016231863282978167
beagle,25%, 0.5%~1%,341641.0,0.984760074659267,0.9331592592085719,0.7493120039191868,0.7496453095102696,0.7493995556344384,0.00012305210844385759,0.0005657280052188793,0.001999195137865023,0.0020009883431754754,0.0020082342159905672
beagle,25%, 1%~10%,3101005.0,0.9604698266686075,0.9364812153304386,0.7481760021602826,0.7472435472758608,0.7476939651121799,8.403899797341399e-05,0.00013010356615695252,0.0005120957677243862,0.0005053271040072696,0.0005080566384529719
beagle,25%, 10%~20%,1631602.0,0.8887466168684259,0.9113821862550587,0.7481094498179556,0.7477377984344006,0.7479174666265944,0.0004720348580928259,0.00036534236237107233,0.0010674545755119942,0.0010632552770668442,0.0010671975403665954
beagle,25%, 20%~30%,1164888.0,0.8348356236822766,0.8861853515560005,0.7482257960803507,0.7482548256848484,0.74823441207737,0.0004966077822223792,0.00031783741421888837,0.0007530437360498087,0.0007511983576260489,0.0007512359697271593
beagle,25%, 30%~40%,1014561.0,0.8000490389738054,0.8620568271060686,0.7480117103197478,0.74825904905049,0.7481286386287702,0.0004500432115101343,0.0002871300656305252,0.0005618877644053462,0.0005597540911421636,0.0005599344041895292
beagle,25%, 40%~50%,934350.0,0.7822802028958716,0.8452777800660805,0.7477893680172407,0.7481470611829669,0.7479615717077749,0.00045912255227187733,0.00031963805504733336,0.0005316251836005309,0.0005282788966634179,0.0005286472483071723
beagle,25%, Overall,8502275.0,0.8927036168483604,0.9132316226993202,0.7483945903628003,0.7481671798362067,0.7482773312671726,0.00029399985302209537,0.00022434614537986507,0.0006834908051984489,0.0006812199049234958,0.0006822411766310481
scda,5%, 0.1%~0.5%,314228.0,0.9876074109091219,0.7340940002493106,0.8150168493207591,0.96971571261323,0.8821678241419968,1.8817944549015344e-05,0.00023275407271107894,0.00021457285808158452,3.346833265865045e-05,0.0001407298932253973
scda,5%, 0.5%~1%,341641.0,0.9875679574332547,0.7930757753156433,0.8485059737794303,0.9695698216881895,0.9029171733408852,1.122835000313747e-05,0.0002283885406943987,0.00012107785939135871,1.2308319915502894e-05,6.770790456583055e-05
scda,5%, 1%~10%,3101005.0,0.9858592251104517,0.9031253899561209,0.934162829119638,0.9711516044526217,0.9520414715144038,9.529289847654699e-06,7.09798887523095e-05,4.078170364957743e-05,9.321764001777086e-06,2.6227302567834843e-05
scda,5%, 10%~20%,1631602.0,0.9767299952049359,0.9264701359326933,0.9674084501379226,0.9613323885416891,0.964340390655564,5.636306124593889e-06,3.7694653162363e-05,1.2983114691964692e-05,1.8099325403967484e-06,5.716499164673709e-06
scda,5%, 20%~30%,1164888.0,0.969833131831324,0.9196084333385665,0.9715624867269458,0.9600013552595996,0.9656041560180689,3.066278716582617e-07,4.1071483487787675e-05,1.7599610397096498e-06,4.9435720618961945e-06,3.4547967053322344e-06
scda,5%, 30%~40%,1014561.0,0.9688441004473258,0.9153237324015707,0.9718351919097442,0.9647191626819884,0.9680509313007525,8.471354754838082e-06,1.886385900573529e-05,1.0566747432078327e-05,1.1646328677969437e-05,1.1048479984129369e-05
scda,5%, 40%~50%,934350.0,0.9688653431083999,0.913507419870118,0.9710145574358177,0.9669909982523976,0.9687127304887979,6.109060075874355e-06,6.239488100187826e-05,3.112673096727819e-06,7.915090364644964e-06,5.438301979196536e-06
scda,5%, Overall,8502275.0,0.9781469496176736,0.9276880597670466,0.9685723921452224,0.9639819727573068,0.9662595866824474,5.101190628250528e-06,2.137110903445624e-05,9.018073817859663e-06,6.737869001108693e-06,7.62947322412137e-06
scda,15%, 0.1%~0.5%,314228.0,0.9616183442942994,0.4310818476925092,0.6207162615710774,0.944942871122358,0.7299760637207299,1.230500280521343e-05,0.00036858676328053444,7.006295272452268e-05,6.199227082487118e-05,6.25573402142519e-05
scda,15%, 0.5%~1%,341641.0,0.9618189499468385,0.5095316217765878,0.6698124171230747,0.9412411471963126,0.7692829995086141,9.757561239891077e-06,0.00012057980412720751,7.004974524742178e-05,1.0930890934065555e-05,6.435420246639958e-05
scda,15%, 1%~10%,3101005.0,0.9553278279822578,0.7064340707389177,0.8353964064988393,0.9039396062541813,0.8672529055508506,4.999052949485706e-06,0.00011826067348808791,1.2853871861967622e-05,3.527059670188268e-05,1.3527705323130128e-05
scda,15%, 10%~20%,1631602.0,0.9358566973385108,0.7807731933897716,0.9246368461520001,0.8983827607210232,0.9110608849599698,1.528047430690988e-05,9.314810796596166e-05,5.5537724202184583e-05,2.559778578704547e-05,3.9211480450048284e-05
scda,15%, 20%~30%,1164888.0,0.9233960559714625,0.7781853615182251,0.9367689555961337,0.9027836595759221,0.9183225121150477,2.3398935222139882e-05,0.00010052254006833708,3.0258760799321085e-05,1.4993747695739218e-05,2.1396376563943635e-05
scda,15%, 30%~40%,1014561.0,0.9173102350612131,0.7649228416488074,0.9349305108121172,0.9076492482638954,0.9188197358144653,1.5312293737798243e-05,7.588233745122778e-05,1.6634011224537627e-05,1.3447600934331115e-05,1.5180799582170101e-05
scda,15%, 40%~50%,934350.0,0.914885717019286,0.7540789661498676,0.9305218450106141,0.9107075136819356,0.9172596848384694,4.0003540935807726e-05,9.401686542375486e-05,3.184988177488128e-05,4.1380423419553454e-05,3.9511659938037934e-05
scda,15%, Overall,8502275.0,0.9387287368630304,0.7833359581791889,0.924915179967893,0.9039438142398719,0.9141465060197985,2.0767112629734064e-06,4.899596856557074e-05,9.646540998678168e-06,5.790884473506377e-06,7.303573432715482e-06
scda,25%, 0.1%~0.5%,314228.0,0.9419876939385068,0.30506611758952135,0.5408505073179196,0.9164566270944404,0.6493969240680695,5.5666255070978565e-05,0.00042429208555170135,0.00018609977555516464,0.00033761426428721963,0.00023116019916303971
scda,25%, 0.5%~1%,341641.0,0.9419929372964869,0.3705835400617332,0.5860851761341059,0.9042355808785819,0.68917039342559,1.9658555797796926e-05,0.0003503900472403648,0.00016234332342917327,0.0006681243619674994,0.0002748843840217521
scda,25%, 1%~10%,3101005.0,0.9317991215262421,0.5738757024899398,0.7678130054604156,0.8486602422380708,0.8044691210928145,6.643660057266278e-06,8.084558635573698e-05,7.051813965260267e-06,5.1421290599903666e-05,1.4435480935047695e-05
scda,25%, 10%~20%,1631602.0,0.9041193498132137,0.6748649289693311,0.8903192319239507,0.8488944108049868,0.8684268380696553,3.658417913535418e-05,0.0002070434373349202,7.146736021169805e-05,3.055179429451126e-05,4.9122001518604315e-05
scda,25%, 20%~30%,1164888.0,0.8852110870120327,0.6728014655195867,0.9086694801523502,0.854972140605907,0.878261900156215,2.6903465962306642e-05,0.0002334240557415797,3.097794063951144e-05,2.633325845792494e-05,1.560466923259446e-05
scda,25%, 30%~40%,1014561.0,0.8748560617933184,0.6557376737923507,0.9070517930704335,0.8605767183574268,0.8778645599215683,1.4263937219565314e-05,0.00011371093462475044,7.410234473340682e-06,1.3304534780312383e-05,1.1350318874853539e-05
scda,25%, 40%~50%,934350.0,0.8712424209992037,0.6442471740721606,0.9021740529053188,0.8652015677014683,0.875954037732331,5.2790644236504294e-05,8.605021280057845e-05,4.6996637946337434e-05,5.684969152796506e-05,5.3858204827705346e-05
scda,25%, Overall,8502275.0,0.9074407687496832,0.6757118699730332,0.8897802335771567,0.8550393392987966,0.8715910981076495,6.300580514031956e-06,4.486776823492433e-05,1.1859423874855401e-05,2.163547579992453e-05,6.181997773994917e-06
